Date,Close,SMA_3,EMA_3,RSI,MACD_line,MACD_signal,slow_K,slow_D,BB_MA,BB_upper,BB_lower,STDDEV,ADX,ROC,MOM,positions
2022-12-21,131.891998,135.19233166666666,134.380146361603,26.627818721398345,-1.3287680587613977,-0.8553155456251269,12.673799432706241,12.673799432706241,136.1211123333334,139.45577319727784,132.78645146938896,1.4522541423537374,33.54259741365661,0.9647433452187074,-4.820008000000001,0
2022-12-22,132.369995,133.75232933333334,133.3750706808015,30.255578852704218,-1.741418931289644,-1.1506833408466326,20.0919986890423,20.0919986890423,135.64955644444453,139.69631521798647,131.6027976709026,1.7254559834958931,34.11877877479732,0.9626628819912567,-5.134003000000007,0
2022-12-23,132.356995,132.20632933333331,132.86603284040075,30.20818775413099,-1.9122811514607179,-1.4045492777179942,20.823580675549696,20.823580675549696,135.16566633333343,139.61045815877748,130.7208745078894,1.9208797970294174,34.30469311802137,0.9761992196719378,-3.2270049999999912,1
2022-12-26,132.789993,132.505661,132.82801292020036,34.21246597666358,-1.8420644819163101,-1.550387679117433,27.552378415657735,27.552378415657735,134.6418880000001,138.97051762441447,130.31325837558575,2.037471909198761,34.382561289839785,0.9811004679219253,-2.558013999999986,0
2022-12-27,132.764008,132.63699866666664,132.79601046010018,34.07558386511719,-1.72976561293558,-1.610180323723482,60.145433202759676,60.145433202759676,134.32855555555565,138.74637758025185,129.91073353085946,2.101122969693279,34.15923841027766,0.9637970051282456,-4.986998999999997,1
2022-12-28,133.485992,133.013331,133.1410012300501,41.64391472250359,-1.4417710388244984,-1.5540438954238207,66.824440101387,66.824440101387,134.12166500000006,138.50339421340644,129.7399357865937,2.1097909011648084,33.28969189796838,0.9765600266799325,-3.2040099999999825,0
2022-12-29,134.033997,133.427999,133.58749911502505,47.0290353574088,-1.099532702308693,-1.4025401643854447,82.84190524352614,82.84190524352614,133.70866388888896,137.26765391974286,130.14967385803507,2.065853028168596,32.72075677975794,0.9783860862946125,-2.9609979999999894,0
2022-12-30,132.916,133.478663,133.25174955751254,38.5597558078535,-1.0869958517449447,-1.2973587268386113,48.17792827199956,48.17792827199956,133.2893303333334,136.1688978950063,130.4097627716605,2.037371827536841,32.82842271395559,1.0077639433440078,1.0240019999999959,0
2023-01-02,130.845001,132.59833266666666,132.04837527875628,27.756921139550656,-1.465849320093355,-1.3535222579235258,5.935317469359908,5.935317469359908,132.6059976666667,134.33124798513785,130.88074734819554,2.0491523828700746,33.29516424123191,0.9884793075651321,-1.5249939999999924,0
2023-01-03,130.794006,131.51833566666664,131.42119063937815,27.535311855517662,-1.6363940799593877,-1.4478128652688131,25.920740291054848,25.920740291054848,132.4839985555556,134.52106220657222,130.44693490453895,2.151328968596512,34.119936279273105,0.9881911114709123,-1.562989000000016,1
2023-01-04,131.248001,130.96233599999996,131.33459581968907,33.0843135799833,-1.5731131448829387,-1.4895796251401883,36.8285651482687,36.8285651482687,132.3593325555556,134.54122595949187,130.17743915161932,2.1784799957627365,34.04509628524012,0.9883877394285274,-1.5419920000000218,0
2023-01-05,132.246002,131.42933633333328,131.79029890984452,44.068578221568224,-1.2627360100515546,-1.4139650867773104,60.83447154748746,60.83447154748746,132.34700000000004,134.5300612433154,130.16393875668467,1.8156327026854213,32.65479299758608,0.9960982949535541,-0.5180059999999855,0
2023-01-06,133.307007,132.2670033333333,132.54865295492226,53.52986539462405,-0.808025972647755,-1.2119853820674586,72.46034184751304,72.46034184751304,132.404446,134.65720945239028,130.15168254760974,1.5008341292520302,30.88949985815514,0.9986591476954375,-0.1789850000000115,0
2023-01-09,131.862,132.47166966666666,132.20532647746114,42.19009669736886,-0.8101538269685591,-1.0780415303678255,44.70910313040135,44.70910313040135,132.3042228888889,134.56432936829202,130.04411640948575,0.9291795615789745,29.68999754730132,0.9837951784725184,-2.1719970000000046,0
2023-01-10,131.729004,132.299337,131.96716523873056,41.25174469717632,-0.8053461658653305,-0.9871430755336604,36.94791617821455,36.94791617821455,132.10900200000003,134.22607342586576,129.9919305741343,0.935852315050629,28.57617397293706,0.9910695777784466,-1.1869959999999935,1
2023-01-11,132.100998,131.897334,132.03408161936528,45.227007780459445,-0.6914868566440475,-0.8885910025704561,22.67140519291,22.67140519291,131.89422433333337,133.52228029729682,130.26616836936992,0.9377810591002048,27.26640524742277,1.0095991210241193,1.2559970000000078,0
2023-01-12,131.901993,131.91066500000002,131.96803730968264,43.39435988997603,-0.6377163489048314,-0.8049661180152479,45.10816614936192,45.10816614936192,131.78155688888893,133.24299655365365,130.3201172241242,0.943798376586404,27.28177052427144,1.0084712368241096,1.1079870000000085,0
2023-01-13,129.171997,131.05832933333338,130.5700171548413,26.323160867507617,-1.148527871519235,-0.9194867025165769,31.6374743269684,31.6374743269684,131.5956675555556,133.7484162422745,129.4429188688367,1.2244219236672096,28.05440749954263,0.9841825857599158,-2.0760039999999833,0
2023-01-16,128.026001,129.69999700000002,129.29800907742066,22.070910154773333,-1.6373950983976613,-1.1587895011436051,13.78575308669332,13.78575308669332,131.28811144444447,134.39192821726516,128.18429467162377,1.578181947817247,28.841742653842605,0.9680897650123291,-4.220000999999996,1
2023-01-17,128.320999,128.50633233333338,128.80950403871032,25.676606224650623,-1.792884934976854,-1.370154645754688,19.05356887117627,19.05356887117627,130.96288900000002,134.5854109835671,127.34036701643294,1.7132714596973777,29.336798103847823,0.9625975549807371,-4.986007999999998,0
2023-01-18,128.281006,128.20933533333337,128.54525501935515,25.490066137221625,-1.8172156756906759,-1.519174989066684,21.544124834958918,21.544124834958918,130.5223338888889,134.37087275303003,126.6737950247478,1.7033315062331496,28.151353184068167,0.9728428660266035,-3.580994000000004,1
2023-01-19,128.539001,128.38033533333336,128.54212800967758,29.35287436431173,-1.7019423296199534,-1.5800974359177737,29.84902699367836,29.84902699367836,129.99255544444446,133.45527973066822,126.5298311582207,1.7082606110631797,27.050582901415627,0.9757835943252103,-3.19000299999999,0
2023-01-20,128.369995,128.39666733333334,128.45606150483877,28.23420397888901,-1.5989948640112175,-1.5863965786155882,25.92322708807949,25.92322708807949,129.60455488888888,132.92195101671652,126.28715876106125,1.7992055720209525,25.243192227388622,0.9717564359354801,-3.7310030000000154,1
2023-01-23,129.354004,128.75433333333334,128.9050327524194,42.99225763291901,-1.2673155147389537,-1.4800362239900433,44.205471451952015,44.205471451952015,129.340666,132.29846315450243,126.38286884549755,1.8160401756058904,23.705760876918,0.9806827103817908,-2.547989000000001,0
2023-01-24,130.597,129.440333,129.7510163762097,56.250878809585224,-0.7620735812160149,-1.2407153430653672,75.65776755286689,75.65776755286689,129.1735551111111,131.61321601130328,126.73389421091893,1.7999058142748372,22.382940214097427,1.01103182603889,1.4250030000000038,0
2023-01-25,130.238998,130.06333400000003,129.99500718810486,52.17353534019961,-0.5101798041103223,-0.9972034967470189,74.78730255164088,74.78730255164088,128.9887778888889,130.724082995852,127.2534727819258,1.7148855596824264,20.878510998403748,1.0172855278046216,2.2129970000000014,0
2023-01-26,129.237,130.02433266666665,129.61600359405242,42.188115990682576,-0.5507338589607116,-0.8483802841515832,32.498257187535415,32.498257187535415,128.9960004444445,130.73483326728123,127.25716762160775,1.480368974786405,19.45304792697744,1.0071383562093372,0.9160009999999943,1
2023-01-27,129.800003,129.758667,129.7080032970262,48.63268069128476,-0.434150855166763,-0.7103038078233098,37.61064426872111,37.61064426872111,129.19311177777783,130.84757501474283,127.53864854081282,1.3701268818659142,18.129403646367297,1.0118411684423492,1.518997000000013,0
2023-01-30,129.854004,129.6303356666667,129.7810036485131,49.26555470665863,-0.3368042756550267,-0.5858039637672154,40.26556591065155,40.26556591065155,129.36344566666673,130.93738403682798,127.78950729650549,1.250767019859598,17.132576188391827,1.0102303813610625,1.3150029999999902,0
2023-01-31,130.479004,130.04433700000004,130.13000382425656,56.50199104604084,-0.135776926120883,-0.435794951218438,93.28231660560996,93.28231660560996,129.60766766666674,131.11467054654878,128.1006647867847,1.0720788147135727,16.195400472319687,1.0164291429628864,2.1090090000000146,0
2023-02-01,130.110001,130.1476696666667,130.1200024121283,51.44744337755225,-0.08972922530426786,-0.32043970924704795,69.4447441164003,69.4447441164003,129.78222322222229,131.10651646526262,128.45792997918196,0.8557318051485887,15.72725971289899,1.0058444035485752,0.7559970000000078,0
2023-02-02,128.621994,129.73699966666672,129.37099820606414,36.208596559764,-0.3691308071068704,-0.3366700752003221,22.198610488644967,22.198610488644967,129.81022311111118,131.01956281854143,128.60088340368094,0.8737293748227114,16.015824919941956,0.9848770951859537,-1.9750060000000076,1
2023-02-03,128.746002,129.15933233333337,129.0585001030321,37.99430840775727,-0.4908996128622789,-0.38807992108764106,21.452100219744292,21.452100219744292,129.7426673333334,131.10468990386536,128.38064476280144,0.8182129031419931,15.008595139905387,0.9885364904296945,-1.492996000000005,0
2023-02-06,132.009003,129.792333,130.53375155151605,66.65171980272582,0.13831460931632478,-0.21261507761965243,81.60042225498842,81.60042225498842,129.89955655555565,131.82700188057663,127.97211123053467,1.021114987493392,15.077084896443651,1.0214489890665988,2.772003000000012,0
2023-02-07,132.623001,131.12600200000003,131.57837627575802,69.72361221244275,0.6275093801989726,0.06742640831988927,94.39472339631011,94.39472339631011,130.16444577777784,132.7489538787994,127.57993767675629,1.217453762338658,14.838270840337767,1.021748828464973,2.822997999999984,0
2023-02-08,131.042007,131.89133700000002,131.31019163787903,54.61145776750406,0.55735302237224,0.23073527967067287,61.450457554038536,61.450457554038536,130.36500211111118,132.91034532935586,127.8196588928665,1.188113019277665,14.23455663352898,1.0091487590940977,1.188003000000009,1
2023-02-09,131.386993,131.68400033333333,131.3485923189395,56.98493529546676,0.5650775210411325,0.3421826934608261,66.96652040529406,66.96652040529406,130.5413343333334,133.1252711342545,127.9573975324123,1.1311466277689293,13.8535185676017,1.0069588897229778,0.9079889999999864,0
2023-02-10,131.518997,131.315999,131.43379465946975,57.96616417796273,0.5735394152212621,0.4193016007143047,55.101311380844955,55.101311380844955,130.7263335555556,133.3253094241778,128.12735768693344,1.1401872267508188,13.123798611491313,1.0108292674596167,1.408996000000002,0
2023-02-13,131.550995,131.4856616666667,131.49239482973488,58.23558963564657,0.5612442945254656,0.4666158319846917,56.66653905382095,56.66653905382095,130.8454436666667,133.48608581454386,128.20480151878957,1.1750639940113394,13.092803302081222,1.0227721629008488,2.9290009999999995,0
2023-02-14,132.337006,131.80233266666667,131.91470041486744,64.7168508566316,0.6944392535143606,0.5425569724945813,76.21830233654357,76.21830233654357,131.0928886666667,133.8272015537943,128.3585757795391,1.2608835681528516,13.215534434111715,1.0278921593231298,3.591003999999998,0
2023-02-15,132.990997,132.29299933333334,132.4528487074337,69.33609178921897,0.8794494690281169,0.6548544713390932,70.31165889570262,70.31165889570262,131.57833344444447,133.9067698078543,129.24989708103465,1.3260799239735377,14.001883932889589,1.007438841122071,0.981993999999986,0
2023-02-16,133.903,133.077001,133.17792435371683,74.72055173187931,1.1407289918683148,0.8168126448488338,88.28392666250502,88.28392666250502,132.15133322222223,133.8673557870677,130.43531065737676,1.4868203308987085,14.794876052620562,1.0096514103160734,1.2799990000000037,0
2023-02-17,134.074005,133.65600066666667,133.62596467685842,75.65568090881845,1.2812377138639022,0.9716210011871899,72.16388272381909,72.16388272381909,132.3807778888889,134.47078112378577,130.29077465399203,1.601342916429846,15.866703804356678,1.0231376035014481,3.0319979999999873,0
2023-02-20,134.307007,134.09467066666667,133.9664858384292,77.0077036443301,1.3583583136170034,1.1005334386637944,77.38457501011537,77.38457501011537,132.56788966666667,134.98678239964642,130.14899693368693,1.7212005651842,16.723508787836305,1.0222245287248488,2.920014000000009,0
2023-02-21,134.335999,134.2390036666667,134.1512424192146,77.19158881759762,1.3527870670722564,1.1846179814666151,67.56469364010087,67.56469364010087,132.93388877777775,135.31503128403057,130.55274627152494,1.7680155098750452,17.875658035082534,1.0214189741729855,2.817001999999974,0
2023-02-22,134.975998,134.53966800000003,134.5636202096073,81.08714421527979,1.4265041704598218,1.2652467111310173,86.40986093552554,86.40986093552554,133.33266711111108,135.7458941138291,130.91944010839305,1.6259208951751685,18.94551090752546,1.0260355537409656,3.425003000000004,0
2023-02-23,134.932007,134.74800133333335,134.74781360480364,79.99154984721157,1.400903348666759,1.3104655903095979,70.93389608635283,70.93389608635283,133.71189044444438,135.93074310636084,131.49303778252792,1.3467320873323798,20.10478230059915,1.019609035132622,2.5950009999999963,0
2023-02-24,134.628006,134.84533700000006,134.6879098024018,72.13385929788028,1.264265021426354,1.2950654006818498,28.016288609796927,28.016288609796927,134.05378055555548,135.713129827083,132.39443128402795,1.3777535532670337,21.737199555517286,1.0123091715749752,1.6370090000000062,1
2023-02-27,136.395004,135.31833900000004,135.5414569012009,83.27492475374895,1.5000062046433413,1.363379002002347,96.50886727195595,96.50886727195595,134.50466922222213,136.25580181390845,132.75353663053582,1.5932498939713984,23.278202461948545,1.0186105165679635,2.4920040000000085,0
2023-02-28,136.317001,135.78000366666672,135.92922895060045,81.59482695209778,1.558771011326428,1.4285096717770407,78.29924299770134,78.29924299770134,134.87422522222212,136.59517395126355,133.1532764931807,1.6016322732037749,24.92180190197056,1.016729536795742,2.242996000000005,1
2023-03-01,136.348007,136.35333733333337,136.13861797530024,81.76543400150635,1.5345612730862968,1.4638602055467926,79.43582782532361,79.43582782532361,135.14589266666655,136.9382555615814,133.3535297717517,1.569892289619648,25.50206287761066,1.0151965265669274,2.040999999999997,0
2023-03-02,136.194,136.286336,136.1663089876501,77.5972680071174,1.4244140810676242,1.4507114973870698,69.79884202576801,69.79884202576801,135.38144766666656,137.10429815620137,133.65859717713175,1.4603132783638169,26.38340539134037,1.0138309984950498,1.8580010000000016,1
2023-03-03,136.705002,136.41566966666667,136.43565549382504,81.28950426407134,1.4072697156789218,1.436230903484354,80.05547900922338,80.05547900922338,135.64789155555545,137.36537334063135,133.93040977047954,1.3068606785013237,26.884896279709317,1.01280971450939,1.7290040000000033,0
2023-03-06,135.860001,136.253001,136.14782824691252,61.67836702603255,1.1625907227155778,1.3450175098947619,33.24120072664601,33.24120072664601,135.81722511111101,137.26295244769446,134.37149777452757,1.1166119733286883,26.830514386990348,1.006877493491963,0.9279940000000124,1
2023-03-07,135.998993,136.1879986666667,136.07341062345625,63.37401982351105,1.0003766967071215,1.2301372388322152,40.941558675396486,40.941558675396486,135.9308912222221,137.24945670470152,134.6123257397427,0.9608881979860029,27.278187789001997,1.0101835200619402,1.3709870000000137,0
2023-03-08,137.391006,136.41666666666669,136.73220831172813,75.8563587305418,1.154072194172727,1.204782223945719,79.8084120221099,79.8084120221099,136.2041133333332,137.5984186040709,134.8098080625955,1.0032903321466884,28.227218925782893,1.0073023349154344,0.9960020000000043,0
2023-03-09,137.225998,136.87199900000002,136.97910315586407,72.44202630599437,1.1612648929371119,1.19027644694285,73.21070999027611,73.21070999027611,136.492779111111,137.4780887042834,135.50746951793857,0.9881407009353952,28.49256335317481,1.006668258495505,0.9089969999999994,0
2023-03-10,136.395004,137.00400266666668,136.68705357793203,57.29105963637016,0.9439508466772963,1.1081679135209987,59.69408155050526,59.69408155050526,136.492779111111,137.4780887042908,135.50746951793118,0.9007933860238307,26.95953952956449,1.0003446841727581,0.04699700000000462,0
2023-03-13,134.979996,136.20033266666667,135.83352478896603,40.47444828129294,0.4830597010808333,0.899798509374277,47.956424035208244,47.956424035208244,136.34422299999991,137.71751964529062,134.9709263547092,0.8293414223946044,25.859323052289806,0.9910862152517733,-1.2140039999999885,0
2023-03-14,133.113998,134.829666,134.473761394483,27.882710113180554,-0.19467053806209833,0.5349754935621518,14.652854534814177,14.652854534814177,135.98488866666656,138.4357952594667,133.53398207386644,1.0939484283511152,24.83769346624903,0.9737317292896129,-3.591003999999998,1
2023-03-15,134.397003,134.1636656666667,134.4353821972415,42.28568642070032,-0.3146091968095561,0.2517805967715825,42.90008,42.90008,135.78522233333325,138.42125264622214,133.14919202044436,1.1353666763638146,24.398858972197285,0.9892315767022555,-1.462997999999999,0
2023-03-16,132.929001,133.48000066666668,133.68219159862076,33.38522950049321,-0.6772984478785418,-0.05791241811179226,22.636060623484212,22.636060623484212,135.36566666666658,138.44695345604663,132.28437987728654,1.3334027718165973,24.28842272045704,0.9774263622672558,-3.0699920000000134,1
2023-03-17,133.367996,133.56466666666668,133.52509379931038,37.94238369678177,-0.7691891173404883,-0.29500465118802427,49.00407242495197,49.00407242495197,135.08877722222212,138.38311920040906,131.79443524403518,1.4488125370605593,24.08429858678776,0.9707185345160075,-4.023009999999999,0
2023-03-20,132.283997,132.86033133333333,132.9045453996552,31.69581875023341,-1.0165755863041,-0.5355282962267162,38.355511111111205,38.355511111111205,134.6759998888888,138.32281789893386,131.02918187884376,1.6481305962702966,24.61667490724887,0.96398640875616,-4.942001000000005,0
2023-03-21,131.391998,132.34799700000002,132.1482716998276,27.369953532773017,-1.3043601687702164,-0.7918055870745495,18.53331111111124,18.53331111111124,134.00944344444437,137.62042154379847,130.39846534509027,1.8847760984556814,25.11102434767705,0.9633197268721074,-5.003005999999999,1
2023-03-22,132.348007,132.00800066666667,132.2481393499138,37.95769517347834,-1.2187176265100277,-0.9341096002197089,59.50834359764574,59.50834359764574,133.46744444444437,136.38165468490348,130.55323420398526,1.951444955784602,24.997837550258414,0.9805008958512638,-2.6319890000000044,0
2023-03-23,131.179001,131.6396686666667,131.71357017495689,31.422864549423274,-1.3615224924203062,-1.0765805642865747,23.44464200723774,23.44464200723774,132.8878885555555,135.2685328357214,130.50724427538958,2.042328144150984,25.857776167962804,0.9854636099202729,-1.9349970000000098,0
2023-03-24,130.865005,131.46400433333335,131.28928758747844,29.814388589230283,-1.453511060350479,-1.2022240629745429,35.88457366676716,35.88457366676716,132.43066733333328,134.59969008105907,130.26164458560748,2.1551292088975025,26.99311628041729,0.9737196669482279,-3.5319980000000157,0
2023-03-27,130.845993,130.96333300000003,131.0676402937392,29.706970445075655,-1.4505689307951286,-1.2850056855814047,35.31175052726721,35.31175052726721,132.17866677777772,134.49366115771284,129.8636723978426,2.1959227032856283,27.24850570484133,0.9843299206017504,-2.0830080000000066,1
2023-03-28,131.233002,130.98133333333337,131.1503211468696,35.24746534036357,-1.3077854414380568,-1.292598937533622,46.97216028924383,46.97216028924383,131.82711111111104,133.58072851513398,130.0734937070881,1.973904468100619,27.517742292407906,0.9839917066760154,-2.134994000000006,0
2023-03-29,131.046005,131.0416666666667,131.09816307343482,33.7479726591904,-1.2089617209198593,-1.2647198653290344,45.370637982382576,45.370637982382576,131.61788933333324,133.24011594557624,129.99566272109024,1.6533529999423338,26.495960599690562,0.9906414076677772,-1.2379919999999913,1
2023-03-30,132.576004,131.61833700000003,131.83708353671742,52.88200668209967,-0.782191353912566,-1.1038770281902115,89.04588305073722,89.04588305073722,131.52989022222215,132.81338526588576,130.24639517855854,1.2765390531233523,25.35619717438018,1.0090112489194358,1.1840060000000108,0
2023-03-31,133.201004,132.2743376666667,132.5190437683587,58.58266694853933,-0.370442333411944,-0.8593987965974557,88.35819545631254,88.35819545631254,131.63177988888881,133.24244843530178,130.02111134247585,1.079279822204407,23.793147444713433,1.006445106498657,0.8529970000000162,0
2023-04-03,133.347,133.04133600000003,132.93302188417937,59.90469191780476,-0.084404474227739,-0.6010673558075501,88.31042519278576,88.31042519278576,131.84900233333326,133.76928981023556,129.92871485643096,1.094952696774245,22.70176237136329,1.0165270278281813,2.167999000000009,0
2023-04-04,132.298996,132.94900000000004,132.61600894208968,47.26891536673195,-0.13236636994415107,-0.4448336938530838,48.911794432339974,48.911794432339974,131.8435566666666,133.75842315246757,129.9286901808656,0.9148270748939954,22.127477237281166,1.0109577881420628,1.4339909999999918,0
2023-04-05,131.485001,132.37699900000004,132.05050497104486,39.68383304265068,-0.3244111686977078,-0.40469285213462514,26.28801406762155,26.28801406762155,131.87755666666658,133.75450805578515,130.000605277548,0.8927607109155256,22.14610716021656,1.0048836650274802,0.6390080000000182,0
2023-04-06,130.934006,131.57266766666672,131.49225548552243,35.220558422113605,-0.5377107942748864,-0.4490321661813789,8.20479967653404,8.20479967653404,131.88522344444436,133.74606287641632,130.0243840124724,0.837318703751719,22.15002618640919,0.9977216401709686,-0.29899599999998827,1
2023-04-07,131.669006,131.36267100000006,131.58063074276123,44.87023216350988,-0.4866059594334615,-0.4615567639320731,32.32691072554364,32.32691072554364,131.97666933333326,133.70005315494208,130.25328551172444,0.8262148227775679,21.702208635376454,1.0047540632772436,0.6230009999999879,0
2023-04-10,132.097,131.5666706666667,131.83881537138063,49.93655957762646,-0.3473541407995526,-0.42348922288789964,44.743474407289064,44.743474407289064,132.07266911111105,133.71395739819224,130.43138082402987,0.8246916737223696,20.301575574726964,0.9963869479728775,-0.4790040000000033,0
2023-04-11,133.468994,132.41166666666672,132.65390468569032,62.74185580375037,0.03418125927018423,-0.2709323955018717,88.18865423533808,88.18865423533808,132.34189011111107,134.01580445508242,130.66797576713972,0.9230812560977357,19.000987732695297,1.002011921772001,0.2679899999999975,0
2023-04-12,133.593994,133.05332933333338,133.12394934284515,63.72801018668619,0.2813610235079693,-0.08683458916525805,86.72643367331949,86.72643367331949,132.45500011111108,134.3051995906078,130.60480063161435,0.9994434481624606,18.075715964231783,1.0018522651428228,0.24699400000000082,0
2023-04-13,133.085007,133.38266500000006,133.10447817142256,56.60997515320323,0.3077868850004961,0.044705902223326655,62.45045538412465,62.45045538412465,132.4421115555555,134.27285853126824,130.61136457984276,0.9751111083409058,16.98757977003774,1.005941171314709,0.786011000000002,0
2023-04-14,132.487,133.0553336666667,132.79573908571126,49.09371164710636,0.18579272566276472,0.091734843369806,23.543805908151743,23.543805908151743,132.34655599999996,134.0647193214522,130.62839267854773,0.9003759366464098,15.89931442554405,1.0076206334743838,1.0019989999999837,1
2023-04-17,133.970993,133.18100000000004,133.38336604285564,63.228580955741144,0.41605331081316876,0.19984099918426027,76.56772003820105,76.56772003820105,132.5323334444444,134.52878651947555,130.53588036941323,0.9389120751244966,15.527003767973431,1.0231947917334783,3.036986999999982,0
2023-04-18,134.425003,133.62766533333337,133.90418452142782,66.5442521927099,0.6276218475336748,0.34243461530073177,89.93651506537387,89.93651506537387,132.85900033333328,135.01852677035723,130.69947389630934,0.96333728664756,15.278628019596468,1.0209312508974209,2.755997000000008,0
2023-04-19,134.044006,134.14666733333334,133.9740952607139,61.14624120869057,0.6455115419734057,0.4434602575249564,66.75533096143887,66.75533096143887,133.20455588888888,134.9830639954188,131.42604778235895,1.0160623012977996,15.321098591286596,1.0147392143652012,1.9470059999999876,1
2023-04-20,134.703995,134.39100133333332,134.33904513035696,66.61876378435298,0.7665485911476821,0.5511563687325316,88.05288188583594,88.05288188583594,133.54177688888888,135.17257725167093,131.91097652610682,1.1200014815731107,15.360535550713147,1.009253092894369,1.2350009999999827,0
2023-04-21,133.996002,134.24800100000002,134.1675235651785,56.635309052090086,0.6577154702015378,0.5866760692222003,29.558164723419353,29.558164723419353,133.7527771111111,135.03550813014826,132.47004609207394,1.1476475960220236,14.875812591467072,1.0030091771939986,0.40200799999999504,0
2023-04-24,133.960999,134.220332,134.06426128258926,56.14995707167404,0.559532380057874,0.5776281728340915,27.21212543666025,27.21212543666025,133.8074443333333,135.07902679545487,132.53586187121175,1.1530284303505045,14.660951021613332,1.006582199000072,0.8759919999999966,1
2023-04-25,134.084,134.01366700000003,134.07413064129463,57.63826711559701,0.5045702699716514,0.5532755385466115,35.456138187297356,35.456138187297356,133.86188944444442,135.13421329669697,132.58956559219186,1.07891316551031,14.294511311481894,1.0120540128465434,1.5970000000000084,0
2023-04-26,133.710999,133.91866600000003,133.8925648206473,51.45905200041887,0.3737767361725446,0.4934426044219225,35.41860780162963,35.41860780162963,133.9314441111111,135.08960335847786,132.77328486374432,0.8531436819232304,13.389701580723768,0.9980593261707031,-0.25999400000000605,0
2023-04-27,133.464996,133.7533316666667,133.67878041032367,47.53768387652848,0.2306558524492175,0.40584702043102083,25.838358333260096,25.838358333260096,134.04011033333327,134.72091992157485,133.3593007450917,0.6830626872576604,12.650101870894673,0.9928584193522392,-0.9600069999999903,1
2023-04-28,133.802002,133.65933233333337,133.7403912051618,53.23348550618089,0.2077675930918872,0.3398205446513096,22.15243136894369,22.15243136894369,134.02133355555551,134.71787232560257,133.32479478550846,0.5303235729990813,13.82258096185589,0.9981945929010805,-0.24200400000000855,0
2023-05-01,136.386002,134.55100000000002,135.0631966025809,76.2751146876869,0.724092458754626,0.4679111826857484,76.78261294810378,76.78261294810378,134.23922233333326,135.88482958192984,132.59361508473668,0.8483171286665632,15.403248205708753,1.0124866897971363,1.6820069999999987,0
2023-05-02,137.520996,135.903,136.29209630129043,81.05766492402454,1.231568527943125,0.7224636311048739,94.85116896018961,94.85116896018961,134.62555455555548,137.24867466095154,132.00243445015943,1.2353692580558193,17.061627622354937,1.0263067102554297,3.5249939999999924,0
2023-05-03,136.466003,136.7910003333333,136.37904965064521,66.51681844403336,1.2564906713054427,0.9004726445050635,70.93969330208228,70.93969330208228,134.82133322222214,137.6901573671732,131.95250907727106,1.3102422341874729,17.197259097081616,1.0186995022334822,2.5050040000000138,0
2023-05-04,134.544006,136.17700166666665,135.4615278253226,48.155881021482614,0.8182587686290503,0.8730680192130591,21.03462275257092,21.03462275257092,134.88222255555547,137.70122262307797,132.06322248803298,1.18547947220902,16.16170588789574,1.0034307299901555,0.4600059999999928,0
2023-05-05,134.179001,135.0630033333333,134.8202644126613,45.380482280473814,0.4524866683749451,0.7328742356003545,12.08621537565404,12.08621537565404,134.90644499999993,137.6969686690638,132.11592133093606,1.1781752047759608,15.355290852764814,1.003500100990196,0.4680020000000127,1
2023-05-08,135.199005,134.64067066666664,135.00963470633064,54.020089967305175,0.4327668320444218,0.6328384344150436,37.09247917501245,37.09247917501245,135.03033444444435,137.7621908346614,132.2984780542273,1.183836326527531,14.697180828860164,1.012992238054688,1.7340089999999861,0
2023-05-09,135.072998,134.8170013333333,135.0413163531653,52.81602082634495,0.3769801845164693,0.5475523511155188,48.10944868097312,48.10944868097312,135.1816676666666,137.75044575701534,132.61288957631788,1.1715439100202265,14.188064158321689,1.0094990805892428,1.270996000000025,1
2023-05-10,135.287994,135.18666566666664,135.16465517658264,54.82058172744194,0.3735212991036292,0.48954200044488894,90.50841558902312,90.50841558902312,135.38422299999993,137.64912257440287,133.119323425597,1.1780390896133435,13.322985909905396,0.9919492617724802,-1.098007999999993,0
2023-05-11,134.087006,134.81599933333334,134.6258305882913,42.933482529116525,0.1057343951501366,0.3616061320133048,19.660092899333147,19.660092899333147,135.41589011111105,137.59786740844726,133.23391281377485,1.1736404338253532,12.711796382663346,0.9750293402470703,-3.4339899999999943,1
2023-05-12,134.498001,134.62433366666667,134.56191579414565,47.4802192938755,0.03074372637934175,0.2513186634686505,39.74440050314264,39.74440050314264,135.20611222222217,137.33711600896405,133.0751084354803,1.1528631422047781,12.155734727762901,0.985578811156358,-1.9680020000000127,0
2023-05-15,135.822006,134.80233766666666,135.19196089707282,59.582940542443374,0.26155255599724114,0.25472996097818074,80.85974319501118,80.85974319501118,135.0173355555555,136.49570660130354,133.53896450980744,1.1541702062808596,12.179254595120527,1.0094987509142548,1.2779999999999916,0
2023-05-16,136.044998,135.45500166666667,135.6184794485364,61.33374901433554,0.4317496834411543,0.31373653513250527,78.44665966929868,78.44665966929868,134.97055722222217,136.27955445639333,133.661559988051,1.1236812898573865,12.473153774372548,1.013906773683611,1.865996999999993,0
2023-05-17,136.429993,136.09899900000002,136.02423622426818,64.43678976868769,0.5932490626400408,0.4069073776350171,70.21493211186696,70.21493211186696,135.18011133333326,136.73046705923812,133.6297556074284,1.0600521297630592,13.362926053349145,1.0091050078364112,1.2309879999999964,0
2023-05-18,137.613998,136.69632966666668,136.8191171121341,72.38750645142358,0.9094060312293948,0.574406928833143,75.45224293893097,75.45224293893097,135.56177766666661,137.56385061122927,133.55970472210396,1.1078862839188381,14.832334076078483,1.0188120500590354,2.540999999999997,0
2023-05-19,138.619995,137.55466200000004,137.71955605606706,77.39669335652131,1.2655217199386186,0.8047785258683016,98.68280941668637,98.68280941668637,135.94188766666662,138.6857213926629,133.19805394067032,1.338705709187083,16.19678438289858,1.0246289482272906,3.332000999999991,0
2023-05-22,137.692001,137.9753313333334,137.70577852803353,64.75439265726457,1.2271937166882196,0.9455835894749409,67.3422382108201,67.3422382108201,136.23288799999995,139.09918251782102,133.36659348217887,1.3549135344381422,17.470966731989726,1.0268854910519816,3.6049950000000024,1
2023-05-23,138.671997,138.32799766666673,138.18888776401678,70.65915305557427,1.3578684765968205,1.0830118851822341,92.06805893920996,92.06805893920996,136.60888833333328,139.75490813818047,133.4628685284861,1.536363248133471,18.790037489246014,1.0310338887490234,4.173996000000017,0
2023-05-24,138.598007,138.32066833333337,138.3934473820084,69.63161185755887,1.3621029833519742,1.1760422512388142,68.97127916068493,68.97127916068493,137.11011066666663,139.90732590869837,134.3128954246349,1.617732641396274,20.20388762713469,1.020438521575068,2.776001000000008,1
2023-05-25,139.283005,138.85100300000005,138.8382261910042,73.7540666622901,1.450526737986138,1.2675370801545889,75.43489004354232,75.43489004354232,137.64177777777775,140.0417086210314,135.2418469345241,1.6787961908044033,21.92747513686735,1.023801000019126,3.2380070000000103,0
2023-05-26,140.016998,139.29933666666673,139.4276120955021,77.5618378843457,1.5945838557733225,1.3765526720275,79.09972987111726,79.09972987111726,138.10788799999995,140.5422737309128,135.6735022690871,1.83523853818713,23.941612461554538,1.0262919092871317,3.587005000000005,0
2023-05-29,140.871002,140.0570016666667,140.14930704775105,81.25365520341028,1.7900936804919638,1.514399674848988,98.868819400243,98.868819400243,138.64411066666662,141.14970417241477,136.13851716091847,2.0042759339405705,25.91772432295888,1.0236676795045225,3.257003999999995,0
2023-05-30,140.440994,140.44299800000005,140.29515052387552,74.09238716815966,1.739968841557328,1.5895893970851014,82.59213332896235,82.59213332896235,139.0897774444444,141.2668703191607,136.9126845697281,2.0559406541544787,26.964168551546248,1.0131366257804295,1.8209990000000005,0
2023-05-31,139.792007,140.36800100000005,140.04357876193777,64.13890951743859,1.5030250254472435,1.5607346065391487,34.532170186788534,34.532170186788534,139.3317784444444,141.26999310295773,137.3935637859311,1.8409841315066795,27.56514145518356,1.0152514741942054,2.1000060000000076,0
2023-06-01,139.126999,139.78666666666672,139.5852888809689,55.263695346227635,1.1636384233227375,1.4283692121336784,26.184681168709208,26.184681168709208,139.3881122222222,141.26892276132054,137.50730168312384,1.5432091187182884,27.06137218636371,1.0032811382964364,0.45500200000000746,0
2023-06-02,138.748001,139.22233566666674,139.16664494048445,50.607521605058025,0.8382200544449745,1.2316528262374438,10.43251762464383,10.43251762464383,139.50544555555553,141.05008556937187,137.96080554173918,1.3524900347253552,26.593586436745277,1.0010822233540486,0.1499939999999924,1
2023-06-05,140.207001,139.36066700000006,139.68682297024222,64.16687780005172,0.9174251703310858,1.1269102742686579,71.07243290332596,71.07243290332596,139.67600155555553,141.152339839928,138.19966327118306,1.1803370819445957,26.67894054113583,1.0066339464746614,0.9239959999999883,0
2023-06-06,139.382996,139.4459993333334,139.5349094851211,54.338013233967516,0.7537343975008639,1.00251831534606,45.48234534369069,45.48234534369069,139.76322255555553,141.0558264066119,138.47061870449915,0.9402267277021075,26.569191755418352,0.9954719640539643,-0.6340020000000095,1
2023-06-07,139.526993,139.70566333333338,139.53095124256055,55.7208227893201,0.6568418884540108,0.8872928397153769,52.8743391342872,52.8743391342872,139.7903323333333,141.05136130511406,138.52930336155256,0.8295469096045709,26.36239665886062,0.9904592926796957,-1.3440089999999998,0
2023-06-08,139.899002,139.60299700000004,139.71497662128027,59.42438365080416,0.6504547211577574,0.8083468001961703,70.2450564194335,70.2450564194335,139.7772216666666,141.03098425595104,138.52345907738217,0.8137861610653053,25.85334218991428,0.9961407849334932,-0.5419919999999934,0
2023-06-09,138.863007,139.4296673333334,139.28899181064014,46.72643437938997,0.40379430185336673,0.6734959674152359,2.3462818130760863,2.3462818130760863,139.55411111111104,140.65527202928027,138.4529501929418,0.6779547578909076,25.3806487544641,0.9933544126024315,-0.929000000000002,1
2023-06-12,139.371002,139.3776703333334,139.32999690532006,52.52930704913993,0.3489165863485937,0.5653028403930218,43.1624847134267,43.1624847134267,139.43522311111104,140.34149951152966,138.52894671069242,0.6374126290903385,24.952723270724114,1.00175381487241,0.2440029999999922,0
2023-06-13,139.460007,139.23133866666674,139.39500195266004,53.5632459768745,0.32090910287294605,0.4838382612196632,49.53283858477051,49.53283858477051,139.39833422222216,140.26987957848854,138.52678886595578,0.5784386502046713,24.973918329093635,1.005131648707501,0.7120060000000024,0
2023-06-14,140.177002,139.66933700000007,139.78600197633,61.45367784849549,0.4405741498924556,0.4694168907772607,98.83106383351897,98.83106383351897,139.51500122222214,140.48551779680048,138.5444846476438,0.5845883859766785,25.08607149740363,0.9997860377885124,-0.02999900000000366,0
2023-06-15,139.977005,139.87133800000007,139.88150348816498,58.23359767240047,0.4503554627416406,0.463063081432054,41.80936830843407,41.80936830843407,139.65155722222212,140.48864495903584,138.8144694854084,0.5831573049365665,26.332378864444053,1.0042617034864139,0.5940089999999998,1
2023-06-16,140.268005,140.14067066666675,140.0747542440825,61.64517420086991,0.4979214176227629,0.47468252682895695,43.92992819977287,43.92992819977287,139.65833544444433,140.51408392822478,138.8025869606639,0.5134012667859519,27.762709638249085,1.005310886331507,0.7410119999999836,0
2023-06-19,141.867004,140.70400466666675,140.97087912204125,74.82678985129276,0.8380462905691388,0.5958037814090176,95.67120224322463,95.67120224322463,139.93433633333322,141.53496174783638,138.33371091883006,0.7466971310605431,29.18023981993129,1.014067305498005,1.9680020000000127,0
2023-06-20,141.899002,141.3446703333334,141.43494056102062,75.02716227726341,1.0082001210141414,0.7332692279440588,88.89659111951417,88.89659111951417,140.19789288888876,142.17928722771262,138.2164985500649,0.9279455140233607,30.654408121055845,1.0218632382056942,3.0359949999999856,0
2023-06-21,141.335007,141.70033766666674,141.3849737805103,64.47398824570986,0.9479492253981334,0.804829227095417,59.708552307564354,59.708552307564354,140.35744899999986,142.44528650945577,138.26961149054395,0.9678422840094512,32.09674176687424,1.0140919199246339,1.964004999999986,1
2023-06-22,141.688004,141.64067100000008,141.53648889025516,67.78295796924637,0.9468460268972194,0.8521681603626845,59.44011828101905,59.44011828101905,140.67133755555543,142.61020123045375,138.7324738806571,0.9771124244970476,33.83219858094631,1.015975884756696,2.227997000000016,0
2023-06-23,143.029999,142.01767000000007,142.2832439451276,77.20143255168261,1.1863328683176348,0.963556396347668,68.41693531911945,68.41693531911945,141.07789277777766,143.27314115158967,138.88264440396566,1.2057597522314607,35.929468202549394,1.0203528179322883,2.852997000000016,0
2023-06-26,143.541,142.75300100000007,142.9121219725638,79.82197502760276,1.3830615312996315,1.103391441331656,88.00295437846306,88.00295437846306,141.53133644444432,143.88287041847346,139.17980247041518,1.3956844241583146,37.876932851180825,1.0254612891596016,3.5639950000000056,0
2023-06-27,143.460007,143.34366866666673,143.1860644862819,78.16068848855973,1.4233188125683114,1.210033898410541,74.82131037624717,74.82131037624717,141.89611477777765,144.31178871659176,139.48044083896355,1.50685795989847,39.91242222739832,1.02275645112369,3.1920020000000022,1
2023-06-28,143.882004,143.62767033333338,143.53403424314095,80.61332943684398,1.4754133177846995,1.2984937048685938,75.98523270845278,75.98523270845278,142.33000355555544,144.60999085790044,140.05001625321043,1.631697914637793,41.98775297623136,1.0142034436703828,2.0149999999999864,0
2023-06-29,144.389008,143.91033966666672,143.96152112157046,83.25001460515233,1.5499520575865517,1.3823131557745798,76.38550144248448,76.38550144248448,142.78789277777767,144.87456669928648,140.70121885626887,1.6520131967324816,44.03457375041289,1.017547734409013,2.490005999999994,0
2023-06-30,144.779999,144.35033700000005,144.37076006078524,85.07616915002546,1.6103081117382203,1.4583114744291266,87.7181434156733,87.7181434156733,143.1115588888888,145.4185127649664,140.80460501281118,1.6852304952266361,45.991546765141656,1.024374654752025,3.4449920000000134,0
2023-07-03,144.397995,144.52233400000003,144.3843775303926,75.67227319309089,1.4988354720042594,1.4718194736208374,63.52609250556304,63.52609250556304,143.38922477777768,145.64659000356417,141.1318595519912,1.605359233109258,47.31430094652553,1.0191264674742684,2.7099910000000023,1
2023-07-04,144.584,144.58733133333337,144.4841887651963,77.10960387275065,1.410109329159269,1.4512494254669812,65.38161144105709,65.38161144105709,143.75022399999992,145.57597963326572,141.92446836673412,1.5545896179089804,48.54257268638197,1.0108648605947343,1.5540009999999995,0
2023-07-05,144.406006,144.46266700000004,144.44509738259814,72.33815651959729,1.2625157737847132,1.3883382082395586,37.9215057276645,37.9215057276645,144.05222422222212,145.17898450788314,142.9254639365611,1.3914998229315345,49.36956841987425,1.006026194606419,0.865005999999994,1
2023-07-06,144.488998,144.49300133333338,144.46704769129906,73.23894445532947,1.1411047092418585,1.305927041906992,62.482586351010355,62.482586351010355,144.2143352222221,145.10024512715418,143.32842531729003,1.1852574190852585,48.89936501110499,1.0071726679896231,1.028991000000019,0
2023-07-07,143.951004,144.28200266666673,144.20902584564953,58.76603561655217,0.910653475373465,1.1741691863958164,65.77369170945612,65.77369170945612,144.2598912222221,145.03825608329177,143.48152636115245,1.1105639153272893,45.88229327590501,1.000479559625817,0.06900000000001683,0
2023-07-10,142.209,143.5496673333334,143.20901292282477,33.647806641079534,0.3753621941430083,0.9079001889782137,21.301179916459592,21.301179916459592,144.12089044444437,145.57471540234468,142.66706548654406,1.0799043016186263,42.86972756275556,0.9849018423895537,-2.1800079999999866,0
2023-07-11,141.296997,142.48566700000006,142.2530049614124,26.681955552743236,-0.14253176966406045,0.5577562027641223,24.82457835098267,24.82457835098267,143.83366744444436,146.13636632041815,141.53096856847057,1.0855818640029937,41.42645050149398,0.9759427958001299,-3.483001999999999,0
2023-07-12,140.117996,141.20799766666673,141.1855004807062,20.33320836163168,-0.684322966482199,0.14372981301534854,29.71873836802135,29.71873836802135,143.35911055555547,146.5841116917116,140.13410941939935,1.328936326557719,41.37691564000176,0.9703597061718204,-4.279999000000004,0
2023-07-13,138.315002,139.9099983333334,139.7502512403531,14.273734765389342,-1.3474781243560017,-0.3533394994417682,4.220340482708413,4.220340482708413,142.64077755555547,146.97059711541604,138.3109579956949,1.8800928930111787,41.41037619282922,0.9566411359486526,-6.2689980000000105,0
2023-07-14,138.074997,138.8359983333334,138.91262412017653,13.642354345498553,-1.7281747529342226,-0.8116179172725864,13.37079879260894,13.37079879260894,141.93822222222212,146.90467824299097,136.97176620145328,2.2793446906169037,41.82086270372757,0.9561582708685954,-6.331008999999995,1
2023-07-17,138.682007,138.3573353333334,138.79731556008826,23.612431503792777,-1.7517800882326071,-1.1250053075925932,33.13154751633079,33.13154751633079,141.28244522222212,146.23691339300922,136.32797705143503,2.4935521980198696,41.80850139611766,0.9598101510815377,-5.806991000000011,0
2023-07-18,138.729004,138.49533600000007,138.76315978004413,24.40081211615924,-1.6827679884802933,-1.3109262012218266,51.25046982551331,51.25046982551331,140.65166722222213,145.29028294484436,136.0130514995999,2.624255616938839,41.90158353528434,0.963723768123215,-5.222000000000008,0
2023-07-19,139.026993,138.81266800000006,138.89507639002207,29.76316131266842,-1.51031455577143,-1.3773889860716944,63.9995917761591,63.9995917761591,140.04477777777768,143.875201383599,136.21435417195636,2.643253708875018,40.65941080408237,0.9776244330527604,-3.1820069999999987,0
2023-07-20,139.598007,139.1180013333334,139.24654169501105,39.37646250874501,-1.2278256968674555,-1.327534556336948,73.93155695049037,73.93155695049037,139.56111144444435,142.2150752707712,136.9071476181175,2.539420022056474,39.03508617982267,0.9879757529454075,-1.698990000000009,0
2023-07-21,139.863998,139.49633266666675,139.55526984750554,43.57363342584787,-0.9564663334706438,-1.2038451487148467,49.549731527895396,49.549731527895396,139.30055566666658,141.22321026945542,137.37790106387774,2.406371884981899,36.43899770672326,0.9981872564035243,-0.2539979999999957,0
2023-07-24,141.75,140.40400166666674,140.65263492375277,64.12164793816376,-0.36540352426123945,-0.924364607230311,95.44910395320719,95.44910395320719,139.35088933333324,141.49135136718135,137.21042729948513,2.2030326155144344,34.028344124559524,1.02483460181709,3.4349980000000073,0
2023-07-25,141.522003,141.04533366666678,141.0873189618764,60.98926430757352,-0.05289111371155286,-0.6338734427240583,86.44251906818415,86.44251906818415,139.50689011111103,142.0203919266657,136.99338829555637,1.9745987857657652,31.78988008397891,1.0249647370986363,3.447006000000016,0
2023-07-26,140.912994,141.3949990000001,141.0001564809382,52.93131836757645,0.004734713847085459,-0.42100405720034373,63.610383103026344,63.610383103026344,139.7955558888888,142.29189855531027,137.29921322246733,1.6529499492437902,30.013850874362383,1.0160870688870258,2.230986999999999,0
2023-07-27,140.367004,140.93400033333344,140.6835802404691,46.50479024874509,-0.0755954164873458,-0.30586784362934444,38.164971183548396,38.164971183548396,140.05022333333326,142.24151068521013,137.8589359814564,1.3074447772550832,29.02278457337232,1.0118071920994978,1.6380000000000052,0
2023-07-28,138.863998,140.04799866666679,139.77378912023454,33.45837146885317,-0.4324311001620913,-0.34805559580692674,21.026949198587324,21.026949198587324,140.07044455555547,142.2136871775671,137.92720193354384,1.188217478655026,29.000202464322335,0.9988276017737074,-0.16299499999999512,1
2023-07-31,140.757996,139.99633266666677,140.26589256011727,52.88883180512973,-0.22798436979897474,-0.30803185380427606,58.5344577741237,58.5344577741237,140.29588811111103,142.24538276492308,138.34639345729897,1.1469204917632878,27.3921927528107,1.008309495421378,1.159988999999996,0
2023-08-01,142.322998,140.64833066666677,141.29444528005865,63.23735886346543,0.22681765498779782,-0.1297486842069181,78.92963779461807,78.92963779461807,140.66211088888883,142.7537023885981,138.57051938917957,1.3236246882638638,25.59061944632064,1.0175813650057395,2.459000000000003,0
2023-08-02,142.970001,142.01699833333342,142.13222314002934,66.75916010235464,0.6174603921555786,0.11932100791391412,90.87513973435071,90.87513973435071,141.0367768888888,143.41948001567846,138.65407376209913,1.4581861879479332,23.891637040617812,1.008606708994709,1.2200009999999963,0
2023-08-03,143.343994,142.87899766666678,142.73810857001467,68.77634560015392,0.897523014163653,0.37872167666382706,90.77382381854919,90.77382381854919,141.42344311111103,144.03760203659974,138.80928418562232,1.5276286974147708,22.64029108383959,1.0128742595594835,1.821990999999997,0
2023-08-04,142.598007,142.97066733333344,142.66805778500733,60.26576656963958,0.868082126411565,0.5418418265797397,59.71047547341775,59.71047547341775,141.51766611111103,144.23134910751466,138.8039831147074,1.505112363960638,21.026558214546203,1.0119578255501405,1.6850129999999979,0
2023-08-07,141.876007,142.60600266666677,142.27203239250366,52.87748360584834,0.6643215199556778,0.5826683910383857,14.989823826724367,14.989823826724367,141.5569998888888,144.28004024282163,138.833959534956,1.3947583544704258,19.55742061869501,1.0107504111151362,1.5090029999999786,1
2023-08-08,142.524002,142.3326720000001,142.39801719625183,58.238314419450035,0.6527800611915779,0.6060389477561164,42.505406556487046,42.505406556487046,141.73600077777772,144.47790703798316,138.99409451757228,1.3067131744177078,18.9027828775314,1.026356752309551,3.6600039999999865,0
2023-08-09,143.278,142.55933633333345,142.8380085981259,63.82503638880531,0.7759312910295364,0.6626697288472564,74.52215722134588,74.52215722134588,142.0594447777777,144.7656251608644,139.35326439469102,1.2925705298447359,18.520948386669748,1.0179030966027678,2.520004,0
2023-08-10,143.727005,143.17633566666677,143.28250679906296,66.90126241420137,0.9089817463087684,0.7447737346677604,74.4596212103549,74.4596212103549,142.59977888888884,144.28894778623524,140.91060999154243,1.296445594028103,18.728110443372746,1.009864934126809,1.4040069999999787,0
2023-08-11,144.854004,143.9530030000001,144.0682553995315,73.50017393868701,1.183511730792162,0.8910197333758942,96.83160067930197,96.83160067930197,143.05489088888882,144.7209081313453,141.38887364643233,1.4988408708018504,19.243141869164653,1.0131776105953865,1.884003000000007,0
2023-08-14,144.817001,144.46600333333345,144.44262819976575,72.94310961693449,1.286632274624452,1.022890580458747,74.97514196477408,74.97514196477408,143.33200233333324,145.23210505997423,141.43189960669224,1.636197954980365,20.103132679590068,1.010276028725696,1.4730069999999955,1
2023-08-15,145.436996,145.03600033333348,144.9398120998829,76.43445284847772,1.4223418720839334,1.1560410110004757,85.19666356539415,85.19666356539415,143.6061128888888,145.89104929334192,141.32117648443565,1.7582535231825887,21.079715316072857,1.0199090370176072,2.838988999999998,0
2023-08-16,145.608002,145.28733300000013,145.27390704994144,77.3739456170688,1.477867809265149,1.2633166104220335,89.19044918004852,89.19044918004852,143.85766933333323,146.44965957992557,141.2656790867409,1.7804320619564684,22.00230365090331,1.0263046238677975,3.731995000000012,0
2023-08-17,146.332993,145.79266366666678,145.80345002497072,81.1006922461606,1.5997199055681506,1.3754510421374058,90.80454100051797,90.80454100051797,144.27266777777766,147.10948092849895,141.43585462705636,1.5434937912815896,23.25686453924727,1.0267252599320078,3.808990999999992,0
2023-08-18,145.714005,145.88500000000013,145.75872751248534,69.6702097556054,1.4751894656795628,1.4086971833181248,54.28438878075183,54.28438878075183,144.6991119999999,147.0845933583273,142.3136306416725,1.4131409518135718,23.75791622996065,1.017001947263362,2.4360049999999944,0
2023-08-21,145.304993,145.7839970000001,145.53186025624268,62.842230361158016,1.255869648007888,1.3577546715480457,13.963197435258197,13.963197435258197,145.00811099999987,146.8436052157053,143.17261678429443,1.3749640315143805,24.620376353102,1.0109790640944616,1.5779880000000048,1
2023-08-22,146.238007,145.75233500000013,145.88493362812136,70.52892967291797,1.2699831023657566,1.328497481820616,79.3681626983938,79.3681626983938,145.33700066666654,146.8464055779014,143.82759575543167,1.427756338062284,25.425754282990102,1.0095544683735496,1.384003000000007,0
2023-08-23,145.763,145.7686666666668,145.82396681406067,62.81125663135079,1.126340196475951,1.2611117200390611,60.822769450980104,60.822769450980104,145.5632223333332,146.564329580735,144.56211508593137,1.4353984763739325,24.98237014945487,1.0065323752975661,0.9459990000000005,0
2023-08-24,144.673004,145.5580036666668,145.24848540703033,48.57987259721773,0.7685351598537125,1.0969195333106116,5.138240560618898,5.138240560618898,145.54311122222208,146.60577941488134,144.48044302956282,1.326439777632646,24.679400983618873,0.9947469212029104,-0.7639920000000018,1
2023-08-25,146.067001,145.50100166666678,145.65774320351517,61.5711256873116,0.8182092984968392,1.0040161217060208,73.43226695980347,73.43226695980347,145.68200011111094,146.65141153179027,144.7125886904316,1.1040051408016174,24.911146208942196,1.0031522924131602,0.4589990000000057,0
2023-08-28,146.531006,145.75700366666678,146.09437460175758,65.00461919015812,0.9097615336012836,0.9725979256711085,91.33909581502955,91.33909581502955,145.8035567777776,146.88722470697678,144.71988884857842,0.923372884147363,25.209734145284408,1.001353167156227,0.1980130000000031,0
2023-08-29,146.464005,146.35400400000012,146.27918980087878,64.04070125802099,0.9113017318454979,0.9521658610625716,68.16238976089573,68.16238976089573,145.89866822222206,147.04541064375985,144.75192580068426,0.7751506766962463,25.94194600296044,1.005147068739206,0.75,0
2023-08-30,145.988007,146.32767266666679,146.13359840043938,57.031316914307716,0.7750630253277393,0.8931315824842941,50.20231421906504,50.20231421906504,145.86033644444427,146.9688710900195,144.75180179886905,0.5958179947720696,26.202647578439464,1.0047005542335357,0.6830140000000142,1
2023-08-31,146.098999,146.18367033333345,146.1162987002197,58.273731892243674,0.6864194871370444,0.8242275507018776,31.32910973486838,31.32910973486838,145.9031135555554,147.01546609333099,144.7907610177798,0.5544741093518126,26.405243866629068,0.999049439999548,-0.13900800000001823,0
2023-09-01,145.473007,145.8533376666668,145.79465285010986,48.95898720521669,0.47569494456178063,0.7080500153218453,34.626566955473585,34.626566955473585,145.92178177777762,146.99842167550227,144.84514188005298,0.4949281231332945,25.1971961657292,0.9980105170722336,-0.2899930000000097,1
2023-09-04,146.057007,145.87633766666679,145.92582992505493,56.522944992071764,0.4546183387028009,0.6235727897821638,55.0318850565632,55.0318850565632,145.90167066666652,146.96054693989808,144.84279439343496,0.4849527025857093,24.329449711018707,1.009566421942825,1.384003000000007,0
2023-09-05,146.542999,146.02433766666678,146.23441446252747,61.99151124413387,0.5246295545057933,0.590591711356707,63.72909405295238,63.72909405295238,145.9883372222221,147.11325012061232,144.86342432383188,0.5068515167691237,24.546930898898434,1.0032587647910975,0.47599800000000414,0
2023-09-06,147.470993,146.69033300000012,146.85270373126372,70.31062783041543,0.736941948953131,0.6393751238888483,90.19278758965676,90.19278758965676,146.29922488888874,147.34176915143152,145.25668062634597,0.6369155424644976,24.808251067886722,1.006414935825937,0.9399870000000021,0
2023-09-07,147.709,147.24099733333347,147.28085186563186,72.13552668557163,0.8796697228410437,0.7194733235395802,95.38857408047882,95.38857408047882,146.4816692222221,147.8281850933087,145.13515335113553,0.7617574778522181,25.10484821314665,1.008500347918248,1.2449950000000172,0
2023-09-08,147.330994,147.50366233333344,147.30592293281592,64.75988810545289,0.8475234358239447,0.762156694301035,70.72316139484307,70.72316139484307,146.57055677777765,148.02004645237125,145.12106710318406,0.7759797200895765,24.852742412096102,1.0091992967614114,1.3429869999999937,0
2023-09-11,147.113007,147.38433366666678,147.20946496640795,60.59174544986601,0.7480440002379396,0.7574524629466699,61.475729388820724,61.475729388820724,146.642668111111,148.12791321252513,145.15742300969686,0.8020774138317571,23.626350855168795,1.0069405540554046,1.0140080000000182,0
2023-09-12,146.677994,147.04066500000013,146.94372948320398,52.69537657649314,0.5682181211361979,0.6943743490098458,39.190352923216885,39.190352923216885,146.7193333333332,148.13089873966504,145.30776792700135,0.7864871368974613,22.609986931177712,1.0082832342910188,1.204987000000017,1
2023-09-13,147.158005,146.98300200000014,147.050867241602,59.491427810197685,0.5396462282795085,0.6427983087664001,63.78094180821757,63.78094180821757,146.83700066666654,148.19774731640595,145.47625401692713,0.6323930469569978,22.070007041089447,1.007538138858343,1.1009980000000041,0
2023-09-14,147.345993,147.06066400000012,147.198430120801,61.98668074471203,0.5396581979348127,0.6084182718225376,78.34834145247903,78.34834145247903,147.04511022222206,148.0282975423353,146.06192290210882,0.6382418556625998,21.45175190440751,1.0054795794099995,0.802993999999984,0
2023-09-15,147.481995,147.32866433333345,147.34021256040052,63.86536283251855,0.5455131719864426,0.5874499052105059,77.06250113579999,77.06250113579999,147.2034422222221,147.92266342778296,146.48422101666122,0.6654440536059307,21.304933102641574,1.000074604502053,0.011002000000019052,0
2023-09-18,147.867996,147.5653280000001,147.60410428020026,68.94707377069234,0.6066157330171507,0.5938385144793875,94.51157792896777,94.51157792896777,147.35066411111097,148.00869348680763,146.69263473541432,0.7143482401708264,21.16860135814463,1.0010764137594865,0.1589960000000019,0
2023-09-19,147.604996,147.65166233333346,147.60455014010012,62.014512714893314,0.5621915714093291,0.5832895334560347,62.689314238860064,62.689314238860064,147.3655533333332,148.03966722122004,146.69143944544635,0.6911811506333895,20.968022889335685,1.0018597716105817,0.27400199999999586,1
2023-09-20,147.742004,147.73833200000016,147.67327707005006,64.20213319282837,0.5413961616627319,0.5693250761916004,62.94105374907314,62.94105374907314,147.3692204444443,148.05108224648637,146.68735864240222,0.6681486662178923,21.094555960579154,1.0042756042638705,0.6289969999999983,0
2023-09-21,148.320999,147.88933300000016,147.99713803502505,72.11878650065394,0.6273312909079323,0.5886604810970444,88.69110535075123,88.69110535075123,147.47922099999988,148.3839308911579,146.57451110884188,0.5633246586303003,20.69202474393685,1.0112014417104722,1.643004999999988,0
2023-09-22,147.643997,147.90233333333347,147.82056751751253,55.40439343290243,0.5102792291797869,0.5625333971246252,28.40602991448914,28.40602991448914,147.53821988888876,148.40829921797774,146.66814055979978,0.4460391250001641,20.318245757054715,1.0033025182693935,0.4859920000000102,1
2023-09-25,148.434006,148.13300066666682,148.12728675875627,66.10047470554225,0.5853224336225651,0.5701297426239386,68.49950247158405,68.49950247158405,147.73333233333318,148.52864079082525,146.9380238758411,0.44349156738802925,20.64047074762024,1.0073840691412628,1.0880130000000179,0
2023-09-26,148.811005,148.29633600000014,148.46914587937812,70.09391447591634,0.6832506598132397,0.6078367150203723,80.281448170122,80.281448170122,147.91699899999986,148.84793301286788,146.98606498713184,0.5457991487577627,21.201595531062054,1.009011337282222,1.3290099999999825,0
2023-09-27,149.044998,148.76333633333346,148.75707193968907,72.44447614963663,0.7606552225989276,0.6587762175465574,79.2627919472738,79.2627919472738,148.1057773333332,149.17567543157736,147.03587923508906,0.6523857439769288,22.066712624190526,1.0079598157264538,1.1770019999999874,0
2023-09-28,149.498001,149.11800133333347,149.12753646984453,76.59875825602138,0.8684895416156166,0.7286806589029104,97.81390958767888,97.81390958767888,148.32977799999986,149.6074721065103,147.05208389348942,0.7782248866694964,22.920425686367544,1.0128248030303797,1.893004999999988,0
2023-09-29,149.337006,149.2933350000001,149.23227123492228,72.09231033227358,0.8616652051413496,0.7730088409823902,83.69128792850887,83.69128792850887,148.49300133333318,149.864880650455,147.12112201621136,0.8248436498301945,22.44004049900179,1.0107958600588631,1.5950019999999938,1
2023-10-02,149.539993,149.45833333333346,149.38613211746116,74.3150753336673,0.8640705836504594,0.8033627552050799,75.69340251104319,75.69340251104319,148.70800099999985,150.06220979807128,147.35379220192843,0.8092219666392166,22.51120141777483,1.0082186204800307,1.2189940000000092,0
2023-10-03,149.850998,149.5759990000001,149.61856505873058,77.51608854799882,0.8942634884620304,0.8336629996240634,81.93659558830865,81.93659558830865,148.94233366666654,150.27655321459264,147.60811411874045,0.8406269476711725,21.311512063472698,1.0149481255238573,2.207000999999991,0
2023-10-04,149.192001,149.5276640000001,149.4052830293653,59.25916636775587,0.7373239959161708,0.8015499983880993,41.03030927527945,41.03030927527945,149.03911166666654,150.30354869245537,147.77467464087772,0.798319937512227,20.19751480590643,1.0051066128337194,0.757994999999994,0
2023-10-05,148.966003,149.3363340000001,149.18564301468265,54.15588708517936,0.567971208767915,0.7236904018480378,35.94791497594185,35.94791497594185,149.18600122222207,149.9921204035545,148.37988204088964,0.7394730040100389,19.00777420332783,1.0010415761925673,0.1549980000000062,0
2023-10-06,148.462997,148.8736670000001,148.82432000734133,44.258773912330525,0.34072369923276824,0.5960348343096147,8.55104417325023,8.55104417325023,149.1892224444443,149.98343993698285,148.39500495190578,0.7065785998876833,17.972145794905277,0.9960951322901826,-0.5820009999999911,1
2023-10-09,149.160004,148.86300133333341,148.99216200367067,56.97129987057438,0.3391756228692486,0.510415097162826,46.51442975427968,46.51442975427968,149.228000111111,149.9773791496136,148.47862107260838,0.6372500168840156,17.010490844227192,0.9977391202709125,-0.33799700000000144,0
2023-10-10,148.326996,148.6499990000001,148.65957900183534,43.225880222703886,0.15059692737096952,0.39047570723220715,10.623535425385,10.623535425385,149.14822211111098,150.08738675047363,148.20905747174834,0.5792832971733405,16.011076733442913,0.9932367065133206,-1.010009999999994,1
2023-10-11,148.628006,148.70500200000012,148.64379250091767,48.4674574234979,0.09702823302316688,0.2926598824958604,33.7957617019698,33.7957617019698,149.05155599999986,150.0057859961379,148.09732600386184,0.5625488169993772,14.93732878283846,0.9939013839595404,-0.9119870000000105,0
2023-10-12,149.035995,148.6636656666668,148.83989375045883,55.03232975231158,0.14673469327766497,0.24401815275646194,53.17001913995254,53.17001913995254,149.0181103333332,149.95083428227574,148.08538638439066,0.4370468685429945,14.72807396093354,0.9945612440966193,-0.8150029999999902,0
2023-10-13,149.789993,149.15133133333347,149.3149433752294,64.72214355649521,0.3266990995395531,0.27157846835082566,97.98011386759983,97.98011386759983,149.04588811111097,150.05119366112126,148.04058256110068,0.44647448783823934,14.592496694130308,1.0040082041663883,0.597992000000005,0
2023-10-16,149.565994,149.46399400000013,149.4404686876147,60.22425051800532,0.37139941571152235,0.3048521174710579,84.27150990542721,84.27150990542721,149.01422099999985,149.93006214565105,148.09837985434865,0.45177061508302907,14.315233431380628,1.0040277042272523,0.5999909999999886,1
2023-10-17,149.578003,149.64466333333345,149.50923584380735,60.39639713126188,0.3845014994905114,0.3314019114775424,82.31075369279462,82.31075369279462,149.057110111111,150.03620502002997,148.07801520219203,0.4618639681717066,13.938578425209483,1.0075103293246868,1.115005999999994,0
2023-10-18,149.759003,149.63433333333344,149.63411942190368,63.197181721217014,0.4138318192161705,0.3588785473904184,86.9712976585374,86.9712976585374,149.14522122222212,150.2142584634685,148.07618398097574,0.478117519157419,13.745794359300392,1.0040158151242744,0.5989990000000205,0
2023-10-19,149.742004,149.69300333333345,149.68806171095184,62.711242442019,0.4101567215887769,0.3759712721232046,69.00475851010071,69.00475851010071,149.287333111111,150.2940547643537,148.2806114578683,0.4957601323859206,13.662475351089814,1.0095397873492968,1.4150080000000003,1
2023-10-20,149.802002,149.76766966666682,149.74503185547593,63.8556606892229,0.40342263457324634,0.3851217262732185,71.7680727009029,71.7680727009029,149.35866622222207,150.4092162885322,148.30811615591193,0.5108069638613684,13.697913212054528,1.0078988881812758,1.1739959999999883,0
2023-10-23,149.880005,149.8080036666668,149.81251842773798,65.4633721705706,0.3989357657069945,0.3897264060844772,83.35834556704062,83.35834556704062,149.53122277777763,150.3264008945266,148.73604466102864,0.5131894929702585,13.56760348323762,1.0056631285616606,0.8440099999999973,0
2023-10-24,149.768997,149.81700133333348,149.790757713869,60.96130626014459,0.3565694352972173,0.37867408248872386,66.05661821895849,66.05661821895849,149.65799955555542,150.13817471093745,149.1778244001734,0.5276116728042466,12.727304139697301,0.9998598304227172,-0.020995999999996684,1
2023-10-25,149.854004,149.83433533333348,149.8223808569345,63.221053977331245,0.33470847442080753,0.36401887979941844,78.99533787825494,78.99533787825494,149.7488894444443,149.9554030788271,149.54237581006151,0.5346918022859146,11.826726101564677,1.0019256382570494,0.2880100000000141,0
2023-10-26,150.098007,149.90700266666684,149.96019392846725,69.19283275528856,0.3588440191420261,0.36229392624695433,53.09687709638674,53.09687709638674,149.78311322222208,150.0854080711187,149.48081837332546,0.49844650963592546,12.514892303365572,1.0034764737432682,0.5200040000000001,0
2023-10-27,150.365997,150.10600266666683,150.1630954642336,74.49850365593697,0.41380250276515085,0.3794634517530198,71.74619831927069,71.74619831927069,149.87200244444432,150.30769397270174,149.4363109161869,0.5352332107243878,12.068607839101926,1.0040531386283333,0.606993999999986,0
2023-10-30,149.733002,150.06566866666682,149.9480487321168,50.52156180380041,0.29674588893010423,0.351890930812048,46.93581435826567,46.93581435826567,149.88922455555542,150.28773680704813,149.4907123040627,0.40600541113922184,12.033504557721939,0.9999398832674898,-0.009002000000009502,0
2023-10-31,149.110992,149.73666366666683,149.52952036605842,36.90481986176325,0.08651303548757028,0.26343163237055545,10.939067672629236,10.939067672629236,149.81722333333315,150.44945314593792,149.18499352072837,0.32760952828791723,12.669596615085904,0.9953871778028709,-0.6910099999999773,1
2023-11-01,151.294006,150.04600000000016,150.41176318302922,70.00575696747606,0.41506707783409524,0.313976780858402,91.34438448154148,91.34438448154148,149.98966799999982,151.10659878164913,148.87273721835052,0.4740967165078466,13.2602535254953,1.0094342203951754,1.4140009999999847,0
2023-11-02,150.574997,150.32666500000016,150.4933800915146,58.26094148393156,0.43963559929315466,0.3558630536699862,64.86166543646915,64.86166543646915,150.07555633333317,151.23944876692084,148.9116638997455,0.5053416551303386,12.395486025299647,1.0053816211375175,0.8059999999999832,0
2023-11-03,150.496994,150.78866566666682,150.4951870457573,57.0495392981906,0.4193984618403874,0.37704152306011995,61.98863946089352,61.98863946089352,150.1441106666665,151.32639183392237,148.96182949941064,0.5132543393884861,12.125508194557051,1.0042907762411206,0.6429899999999975,0
2023-11-06,149.449005,150.1736653333335,149.97209602287865,43.02657473907996,0.17178748741625327,0.3086235111788311,16.766893103183158,16.766893103183158,150.10855599999982,151.35151110289263,148.86560089710702,0.5219068562832486,11.874814494581784,0.9956761451203013,-0.6490019999999959,1
2023-11-07,149.988998,149.9783323333335,149.98054701143934,50.361335880418125,0.1326884820265093,0.2499785014613905,33.593817590764,33.593817590764,150.12355533333317,151.35708355166219,148.89002711500416,0.5178258207867732,11.49523108678763,0.997492790873458,-0.37699899999998365,0
2023-11-08,150.395996,149.94466633333352,150.18827150571968,55.40922284713988,0.18914329213137648,0.22970009835138583,65.98945323019413,65.98945323019413,150.15666522222205,151.40161707565002,148.91171336879407,0.5209095571750663,11.471441570065462,1.00442784149883,0.6629939999999976,0
2023-11-09,150.863998,150.41633066666682,150.52613475285983,60.76221105565812,0.3116947108537431,0.2570316358521716,83.72465821453652,83.72465821453652,150.2119986666665,151.53129650495393,148.89270082837905,0.5543490931247373,11.663206379698542,1.0117563834596446,1.7530059999999992,0
2023-11-10,151.348999,150.86966433333347,150.9375668764299,65.73543666555868,0.47123763382288075,0.3284336351757413,90.35338506808827,90.35338506808827,150.39155388888872,151.8352222902665,148.94788548751094,0.6301939277680763,12.251260839314572,1.0003634843273301,0.05499299999999607,0
2023-11-13,151.468994,151.22733033333347,151.20328043821496,66.94475683579235,0.5696683958122719,0.40884522205458484,77.55922163633483,77.55922163633483,150.65355411111096,151.9171720057607,149.38993621646122,0.6889984265898924,13.144866823463891,1.0059372207724502,0.893997000000013,0
2023-11-14,150.647995,151.1553293333335,150.9256377191075,52.230282879616496,0.4323086988138982,0.416666380974356,19.396316137308062,19.396316137308062,150.58177511111094,151.7623823318064,149.40116789041548,0.6775739406358081,13.061968695961255,1.0010033489439663,0.15100100000000793,0
